Position X,Position Y,Position Z,Scale X,Scale Y,Scale Z
0.0,0.0,0,1.0,1.0,1.0
33607.32,57557.94,0,3600.0,3600.0,3600.0
33607.32,50372.13,0,3600.0,3600.0,3600.0
41772.32,75693.72,0,2880.0,2880.0,2880.0
33607.32,63724.31,0,3600.0,3600.0,3600.0
33607.32,70021.16,0,3600.0,3600.0,3600.0
71772.32,75693.72,0,2880.0,2880.0,2880.0
61772.32,75693.72,0,2880.0,2880.0,2880.0
111772.32,75693.72,0,2880.0,2880.0,2880.0
81772.32,75693.72,0,2880.0,2880.0,2880.0
131772.32,75693.72,0,2880.0,2880.0,2880.0
0.0,0.0,0,1.0,1.0,1.0
37914.63,-3141.37,0,1.0,1.0,1.0
47914.63,-3141.37,0,1.0,1.0,1.0
67914.63,-3141.37,0,1.0,1.0,1.0
77914.63,-3141.37,0,1.0,1.0,1.0
87914.63,-3141.37,0,1.0,1.0,1.0
97914.63,-3141.37,0,1.0,1.0,1.0
107914.63,-3141.37,0,1.0,1.0,1.0
117914.63,-3141.37,0,1.0,1.0,1.0
127914.63,-3141.37,0,1.0,1.0,1.0
57914.63,-3141.37,0,1.0,1.0,1.0
22714.13,83619.28,0,0.38,0.38,0.38
143523.87,83619.28,0,0.38,0.38,0.38
35679.95,69428.49,0,112.5,112.5,112.5
35679.95,74382.2,0,112.5,112.5,112.5
35679.95,54359.32,0,112.5,112.5,112.5
35679.95,48514.17,0,112.5,112.5,112.5
45712.64,71162.16,0,112.5,112.5,112.5
55601.14,71162.16,0,112.5,112.5,112.5
135601.14,71958.2,0,112.5,112.5,112.5
42934.53,46106.42,0,112.5,112.5,112.5
48036.53,46106.42,0,112.5,112.5,112.5
57983.08,46106.42,0,112.5,112.5,112.5
65618.79,46134.64,0,112.5,112.5,112.5
35609.29,45754.68,0,112.5,112.5,112.5
98018.84,46106.42,0,112.5,112.5,112.5
135601.14,67134.51,0,112.5,112.5,112.5
41292.9,-9914.96,0,112.5,112.5,112.5
35679.95,-1515.4,0,112.5,112.5,112.5
24029.73,1491.95,0,0.38,0.38,0.38
48036.53,-13689.66,0,112.5,112.5,112.5
45514.63,49849.1,0,-1.0,1.0,1.0
45514.63,50969.1,0,1.0,1.0,1.0
44924.63,52049.1,0,1.0,1.0,1.0
36814.63,53349.1,0,1.0,1.0,1.0
36814.63,43463.1,0,1.0,1.0,1.0
46814.63,53349.1,0,1.0,1.0,1.0
46814.63,43463.1,0,1.0,1.0,1.0
56814.63,43463.1,0,1.0,1.0,1.0
56814.63,53349.1,0,1.0,1.0,1.0
66814.63,43463.1,0,1.0,1.0,1.0
66814.63,53349.1,0,1.0,1.0,1.0
76814.63,43463.1,0,1.0,1.0,1.0
76814.63,53349.1,0,1.0,1.0,1.0
86814.63,43463.1,0,1.0,1.0,1.0
86814.63,53349.1,0,1.0,1.0,1.0
96814.63,43463.1,0,1.0,1.0,1.0
96814.63,53349.1,0,1.0,1.0,1.0
106814.63,43463.1,0,1.0,1.0,1.0
106814.63,53349.1,0,1.0,1.0,1.0
116814.63,43463.1,0,1.0,1.0,1.0
116814.63,53349.1,0,1.0,1.0,1.0
66814.63,-2525.62,0,1.0,1.0,1.0
76814.63,-2525.62,0,1.0,1.0,1.0
86814.63,-2525.62,0,1.0,1.0,1.0
96814.63,-2525.62,0,1.0,1.0,1.0
106814.63,-2525.62,0,1.0,1.0,1.0
116814.63,-2525.62,0,1.0,1.0,1.0
126814.63,-2525.62,0,1.0,1.0,1.0
136814.63,-2525.62,0,1.0,1.0,1.0
56814.63,-2525.62,0,1.0,1.0,1.0
56814.63,-12411.62,0,1.0,1.0,1.0
66814.63,-12411.62,0,1.0,1.0,1.0
76814.63,-12411.62,0,1.0,1.0,1.0
86814.63,-12411.62,0,1.0,1.0,1.0
96814.63,-12411.62,0,1.0,1.0,1.0
106814.63,-12411.62,0,1.0,1.0,1.0
116814.63,-12411.62,0,1.0,1.0,1.0
46814.63,-2525.62,0,1.0,1.0,1.0
46814.63,-12411.62,0,1.0,1.0,1.0
36814.63,-12411.62,0,1.0,1.0,1.0
36814.63,-2525.62,0,1.0,1.0,1.0
45014.63,49849.1,0,1.0,1.0,1.0
43914.63,48409.1,0,1.0,1.0,1.0
43914.63,49271.6,0,1.0,1.0,1.0
45014.63,48974.1,0,1.0,1.0,1.0
45514.63,48974.1,0,-1.0,1.0,1.0
136814.63,43463.1,0,-1.0,1.0,1.0
137949.32,48514.17,0,-112.5,112.5,112.5
126814.63,43463.1,0,-1.0,1.0,1.0
136814.63,53349.1,0,-1.0,1.0,1.0
126814.63,53349.1,0,-1.0,1.0,1.0
126814.63,-12411.62,0,1.0,1.0,1.0
136814.63,-12411.62,0,1.0,1.0,1.0
43614.63,51404.64,0,1.0,1.0,1.0
86814.63,3126.39,0,1.0,1.0,1.0
93471.13,-2443.12,0,-1.0,1.0,1.0
91815.13,-2443.12,0,1.0,1.0,1.0
90158.13,-2443.12,0,1.0,1.0,1.0
91814.13,-2443.12,0,-1.0,1.0,1.0
96814.63,3126.39,0,1.0,1.0,1.0
103471.13,-2443.12,0,-1.0,1.0,1.0
101815.13,-2443.12,0,1.0,1.0,1.0
100158.13,-2443.12,0,1.0,1.0,1.0
101814.13,-2443.12,0,-1.0,1.0,1.0
106814.63,3126.39,0,1.0,1.0,1.0
113471.13,-2443.12,0,-1.0,1.0,1.0
111815.13,-2443.12,0,1.0,1.0,1.0
110158.13,-2443.12,0,1.0,1.0,1.0
111814.13,-2443.12,0,-1.0,1.0,1.0
116814.63,3126.39,0,1.0,1.0,1.0
123471.13,-2443.12,0,-1.0,1.0,1.0
121815.13,-2443.12,0,1.0,1.0,1.0
120158.13,-2443.12,0,1.0,1.0,1.0
121814.13,-2443.12,0,-1.0,1.0,1.0
126814.63,3126.39,0,1.0,1.0,1.0
133471.13,-2443.12,0,-1.0,1.0,1.0
131815.13,-2443.12,0,1.0,1.0,1.0
130158.13,-2443.12,0,1.0,1.0,1.0
131814.13,-2443.12,0,-1.0,1.0,1.0
47166.64,72422.13,0,1.0,1.0,1.0
56709.64,72422.13,0,1.0,1.0,1.0
65712.64,71162.16,0,112.5,112.5,112.5
67166.64,72422.13,0,1.0,1.0,1.0
75601.14,71162.16,0,112.5,112.5,112.5
76709.64,72422.13,0,1.0,1.0,1.0
77161.64,72422.13,0,1.0,1.0,1.0
86704.64,72422.13,0,1.0,1.0,1.0
35679.95,-10805.19,0,112.5,112.5,112.5
35734.35,-13697.57,0,112.5,112.5,112.5
45239.6,-13689.66,0,112.5,112.5,112.5
125229.6,-13689.66,0,112.5,112.5,112.5
128026.53,-13689.66,0,112.5,112.5,112.5
137894.6,-13582.16,0,112.5,112.5,112.5
137894.6,-1405.2,0,112.5,112.5,112.5
45222.96,-5925.62,0,1.0,1.0,1.0
45222.96,-5925.62,0,1.0,1.0,1.0
45222.96,-5925.62,0,1.0,1.0,1.0
43914.63,-7465.62,0,1.0,1.0,1.0
43914.63,-6603.12,0,1.0,1.0,1.0
45014.63,-6900.62,0,1.0,1.0,1.0
45014.63,-6025.62,0,1.0,1.0,1.0
45514.63,-5150.62,0,-1.0,1.0,1.0
45514.63,-6900.62,0,-1.0,1.0,1.0
45514.63,-6025.62,0,-1.0,1.0,1.0
45514.63,-4280.62,0,-1.0,1.0,1.0
37016.64,58349.13,0,1.0,1.0,1.0
37016.64,63349.13,0,1.0,1.0,1.0
37016.64,68349.13,0,1.0,1.0,1.0
136612.62,68349.13,0,-1.0,1.0,1.0
136612.62,63349.13,0,-1.0,1.0,1.0
136612.62,58349.13,0,-1.0,1.0,1.0
85623.6,46134.64,0,112.5,112.5,112.5
105596.61,46134.64,0,112.5,112.5,112.5
128114.63,50969.1,0,-1.0,1.0,1.0
129714.63,48409.1,0,-1.0,1.0,1.0
129714.63,49271.6,0,-1.0,1.0,1.0
128114.63,49849.1,0,1.0,1.0,1.0
128614.63,49849.1,0,-1.0,1.0,1.0
128614.63,48974.1,0,-1.0,1.0,1.0
128114.63,48974.1,0,1.0,1.0,1.0
130014.63,51404.64,0,-1.0,1.0,1.0
128704.63,52049.1,0,-1.0,1.0,1.0
132336.36,-9914.96,0,-112.5,112.5,112.5
128406.3,-5925.62,0,-1.0,1.0,1.0
128406.3,-5925.62,0,1.0,1.0,1.0
128406.3,-5925.62,0,1.0,1.0,1.0
129714.63,-7465.62,0,-1.0,1.0,1.0
129714.63,-6603.12,0,-1.0,1.0,1.0
128614.63,-6900.62,0,-1.0,1.0,1.0
128614.63,-6025.62,0,-1.0,1.0,1.0
128114.63,-5150.62,0,1.0,1.0,1.0
128114.63,-6900.62,0,1.0,1.0,1.0
128114.63,-6025.62,0,1.0,1.0,1.0
128114.63,-4280.62,0,1.0,1.0,1.0
117166.64,72422.13,0,1.0,1.0,1.0
126709.64,72422.13,0,1.0,1.0,1.0
44289.63,-5704.62,0,0.25,0.25,0.25
44139.63,50095.1,0,0.25,0.25,0.25
129339.63,-5704.62,0,-0.25,0.25,0.25
129489.63,50095.1,0,-0.25,0.25,0.25
0.0,0.0,0,1.0,1.0,1.0
0.0,0.0,0,1.0,1.0,1.0
44214.63,50945.1,0,200.0,200.0,200.0
44726.25,49457.56,0,200.0,200.0,200.0
44726.25,48595.06,0,200.0,200.0,200.0
44726.25,-6417.15,0,200.0,200.0,200.0
44726.25,-7279.65,0,200.0,200.0,200.0
128903.01,49457.56,0,200.0,200.0,200.0
128903.01,48595.06,0,200.0,200.0,200.0
129414.63,50945.1,0,200.0,200.0,200.0
128903.01,-6417.15,0,200.0,200.0,200.0
128903.01,-7279.65,0,200.0,200.0,200.0
71.55,550.19,0,1.0,1.0,1.0
271.55,550.19,0,1.0,1.0,1.0
271.55,318.11,0,1.0,1.0,1.0
71.55,318.11,0,1.0,1.0,1.0
50.37,510.5,0,1.0,1.0,1.0
50.37,390.5,0,1.0,1.0,1.0
50.37,171.42,0,1.0,1.0,1.0
50.37,291.42,0,1.0,1.0,1.0
219.59,471.43,0,1.0,1.0,1.0
238.26,432.74,0,1.0,1.0,1.0
238.26,415.39,0,1.0,1.0,1.0
238.88,213.65,0,1.0,1.0,1.0
238.88,196.3,0,1.0,1.0,1.0
396.54,550.19,0,1.0,1.0,1.0
596.54,550.19,0,1.0,1.0,1.0
368.62,390.5,0,1.0,1.0,1.0
368.62,510.5,0,1.0,1.0,1.0
370.7,291.42,0,1.0,1.0,1.0
370.7,171.42,0,1.0,1.0,1.0
596.54,318.11,0,1.0,1.0,1.0
396.54,318.11,0,1.0,1.0,1.0
429.16,415.33,0,-1.0,1.0,1.0
429.16,432.68,0,-1.0,1.0,1.0
447.82,471.37,0,-1.0,1.0,1.0
429.15,196.48,0,-1.0,1.0,1.0
429.15,213.84,0,-1.0,1.0,1.0
725.09,167.5,0,1.0,1.0,1.0
-10.8,6.35,0,1.0,1.0,1.0
